P,r,o,d,u,c,e,r
A,c,t,o,r
C,i,n,e,m,a,t,o,g,r,a,p,h,e,r
C,o,m,p,o,s,e,r
w,i,n,_,n,o,m,_,r,a,t,i,o
S,e,l,f
D,i,r,e,c,t,o,r
n,u,m,_,w,i,n,s
n,u,m,_,n,o,m,s
M,i,s,c,e,l,l,a,n,e,o,u,s, ,C,r,e,w
W,r,i,t,e,r
C,a,m,e,r,a, ,a,n,d, ,E,l,e,c,t,r,i,c,a,l, ,D,e,p,a,r,t,m,e,n,t
T,h,a,n,k,s
S,e,c,o,n,d, ,U,n,i,t, ,D,i,r,e,c,t,o,r, ,o,r, ,A,s,s,i,s,t,a,n,t, ,D,i,r,e,c,t,o,r
S,o,u,n,d, ,d,e,p,a,r,t,m,e,n,t
E,d,i,t,o,r
s,t,a,r,_,r,a,n,k
A,r,c,h,i,v,e, ,f,o,o,t,a,g,e
M,u,s,i,c, ,d,e,p,a,r,t,m,e,n,t
S,o,u,n,d,t,r,a,c,k
A,c,t,r,e,s,s
S,t,u,n,t,s
A,r,t, ,d,e,p,a,r,t,m,e,n,t
E,d,i,t,o,r,i,a,l, ,d,e,p,a,r,t,m,e,n,t
A,n,i,m,a,t,i,o,n, ,d,e,p,a,r,t,m,e,n,t
S,e,t, ,d,e,c,o,r,a,t,o,r
V,i,s,u,a,l, ,e,f,f,e,c,t,s
P,r,o,d,u,c,t,i,o,n, ,d,e,s,i,g,n,e,r
C,a,s,t,i,n,g, ,d,i,r,e,c,t,o,r
A,r,t, ,d,i,r,e,c,t,o,r
C,o,s,t,u,m,e, ,a,n,d, ,W,a,r,d,r,o,b,e, ,D,e,p,a,r,t,m,e,n,t
S,p,e,c,i,a,l, ,e,f,f,e,c,t,s
C,o,s,t,u,m,e, ,d,e,s,i,g,n,e,r
M,a,k,e,u,p, ,D,e,p,a,r,t,m,e,n,t
C,a,s,t,i,n,g, ,d,e,p,a,r,t,m,e,n,t
P,r,o,d,u,c,t,i,o,n, ,m,a,n,a,g,e,r
T,r,a,n,s,p,o,r,t,a,t,i,o,n, ,d,e,p,a,r,t,m,e,n,t
L,o,c,a,t,i,o,n, ,m,a,n,a,g,e,m,e,n,t
